VentasAnuales,año
6155806.980002943,2017
7386050.800004308,2018
49785.92000000016,2016
